group,function,value,throughput_num,throughput_type,sample_measured_value,unit,iteration_count
read_bench,sled,,,,1081039.0,ns,1454
read_bench,sled,,,,2063774.0,ns,2908
read_bench,sled,,,,3044409.0,ns,4362
read_bench,sled,,,,4018944.0,ns,5816
read_bench,sled,,,,5023879.0,ns,7270
read_bench,sled,,,,6007515.0,ns,8724
read_bench,sled,,,,8142190.0,ns,10178
read_bench,sled,,,,7944083.0,ns,11632
read_bench,sled,,,,8867315.0,ns,13086
read_bench,sled,,,,9981255.0,ns,14540
read_bench,sled,,,,10900487.0,ns,15994
read_bench,sled,,,,11783518.0,ns,17448
read_bench,sled,,,,12924258.0,ns,18902
read_bench,sled,,,,13840390.0,ns,20356
read_bench,sled,,,,14730022.0,ns,21810
read_bench,sled,,,,15735657.0,ns,23264
read_bench,sled,,,,16852296.0,ns,24718
read_bench,sled,,,,20440622.0,ns,26172
read_bench,sled,,,,18716760.0,ns,27626
read_bench,sled,,,,21728067.0,ns,29080
read_bench,sled,,,,20698830.0,ns,30534
read_bench,sled,,,,21606460.0,ns,31988
read_bench,sled,,,,23475126.0,ns,33442
read_bench,sled,,,,23485926.0,ns,34896
read_bench,sled,,,,24496861.0,ns,36350
read_bench,sled,,,,25489295.0,ns,37804
read_bench,sled,,,,26463529.0,ns,39258
read_bench,sled,,,,27980381.0,ns,40712
read_bench,sled,,,,28408795.0,ns,42166
read_bench,sled,,,,29378629.0,ns,43620
read_bench,sled,,,,30417665.0,ns,45074
read_bench,sled,,,,31695009.0,ns,46528
read_bench,sled,,,,32239426.0,ns,47982
read_bench,sled,,,,33181059.0,ns,49436
read_bench,sled,,,,34515905.0,ns,50890
read_bench,sled,,,,35297531.0,ns,52344
read_bench,sled,,,,38029224.0,ns,53798
read_bench,sled,,,,37340801.0,ns,55252
read_bench,sled,,,,38513341.0,ns,56706
read_bench,sled,,,,39053958.0,ns,58160
read_bench,sled,,,,40098593.0,ns,59614
read_bench,sled,,,,41266834.0,ns,61068
read_bench,sled,,,,42345269.0,ns,62522
read_bench,sled,,,,43274200.0,ns,63976
read_bench,sled,,,,44206932.0,ns,65430
read_bench,sled,,,,46378407.0,ns,66884
read_bench,sled,,,,50253039.0,ns,68338
read_bench,sled,,,,47039226.0,ns,69792
read_bench,sled,,,,48177066.0,ns,71246
read_bench,sled,,,,49033095.0,ns,72700
read_bench,sled,,,,49716716.0,ns,74154
read_bench,sled,,,,50965858.0,ns,75608
read_bench,sled,,,,51942491.0,ns,77062
read_bench,sled,,,,53315438.0,ns,78516
read_bench,sled,,,,53452441.0,ns,79970
read_bench,sled,,,,55579912.0,ns,81424
read_bench,sled,,,,56109128.0,ns,82878
read_bench,sled,,,,56715150.0,ns,84332
read_bench,sled,,,,58498510.0,ns,85786
read_bench,sled,,,,58592611.0,ns,87240
read_bench,sled,,,,59846352.0,ns,88694
read_bench,sled,,,,60469173.0,ns,90148
read_bench,sled,,,,61504007.0,ns,91602
read_bench,sled,,,,62740247.0,ns,93056
read_bench,sled,,,,63752381.0,ns,94510
read_bench,sled,,,,71396142.0,ns,95964
read_bench,sled,,,,65408436.0,ns,97418
read_bench,sled,,,,66470370.0,ns,98872
read_bench,sled,,,,68115424.0,ns,100326
read_bench,sled,,,,73080293.0,ns,101780
read_bench,sled,,,,70832815.0,ns,103234
read_bench,sled,,,,70122789.0,ns,104688
read_bench,sled,,,,71312028.0,ns,106142
read_bench,sled,,,,73692107.0,ns,107596
read_bench,sled,,,,73148389.0,ns,109050
read_bench,sled,,,,74426630.0,ns,110504
read_bench,sled,,,,74927645.0,ns,111958
read_bench,sled,,,,76958411.0,ns,113412
read_bench,sled,,,,77098516.0,ns,114866
read_bench,sled,,,,78714869.0,ns,116320
read_bench,sled,,,,79331789.0,ns,117774
read_bench,sled,,,,80566728.0,ns,119228
read_bench,sled,,,,81290851.0,ns,120682
read_bench,sled,,,,82946806.0,ns,122136
read_bench,sled,,,,83217813.0,ns,123590
read_bench,sled,,,,83843533.0,ns,125044
read_bench,sled,,,,84858865.0,ns,126498
read_bench,sled,,,,85757095.0,ns,127952
read_bench,sled,,,,87297245.0,ns,129406
read_bench,sled,,,,88466282.0,ns,130860
read_bench,sled,,,,89002398.0,ns,132314
read_bench,sled,,,,90842859.0,ns,133768
read_bench,sled,,,,91159769.0,ns,135222
read_bench,sled,,,,91792988.0,ns,136676
read_bench,sled,,,,92687716.0,ns,138130
read_bench,sled,,,,93568444.0,ns,139584
read_bench,sled,,,,95203998.0,ns,141038
read_bench,sled,,,,95392302.0,ns,142492
read_bench,sled,,,,96665743.0,ns,143946
read_bench,sled,,,,97706176.0,ns,145400
